50 # 0 # 0 # 0 # 2	tf	agg_coef	max_entropy	min_entropy	left_entropy	right_entropy
ou	114	inf	4.82629	3.06028	4.82629	3.06028
kao	89	inf	5.12709	3.95211	3.95211	5.12709
