20.0 # 40.0 # 0.0 # 1.0 # 2	tf	agg_coef	max_entropy	min_entropy	left_entropy	right_entropy
八星	101	45.67092	4.70031	4.16078	4.70031	4.16078
老狗	39	40.68569	3.44718	2.20748	3.44718	2.20748
跪地	24	55.69213	1.13869	1.12419	1.13869	1.12419
云刹	22	121.47955	4.09580	1.90576	1.90576	4.09580
呜啸	22	440.38187	3.65376	2.85856	3.65376	2.85856
奎刹	20	14773.31867	4.02193	2.92060	2.92060	4.02193
葬生	20	81.89998	3.64145	1.41904	3.64145	1.41904
香肩	20	234.57355	3.20869	2.55772	3.20869	2.55772
